序号,作者,标题,点赞数,收藏数,评论数,封面 URL,笔记链接,正文内容,发布时间,状态
1,纪念小小V,All black🖤,1734,369,23,https://sns-webpic-qc.xhscdn.com/202604052113/536b1e056830623ded6f58acfab7187e/note_pre_post_uhdr/1040g3r831ub0q0f9is7g5n1mr4hhvs62321c87g!nd_dft_wlteh_webp_3,https://www.xiaohongshu.com/explore/69ca11f70000000023022c59,这个袜子穿着超级顺滑～ #绫LING #绫丝袜 #御姐 #永远臣服于黑色 #黑色穿搭 #黑色永远的神 #别管感觉至上 #我称之为感觉,,成功
2,漫画TO1,空姐乘务员女骑手，东航漫画比较给力画风,3,0,5,https://sns-webpic-qc.xhscdn.com/202604052113/52fca286802f48ae361bea92b4930113/notes_pre_post/1040g3k831ugbjhoviie05o7o7fkgbpqnjd9i70o!nd_dft_wlteh_webp_3,https://www.xiaohongshu.com/explore/69cf887d000000002800b153,#乘务员 #空乘 #空姐#女骑 #丝袜 #黑丝 #肉丝袜 #3D漫画 #二次元漫画 #漫画,,成功
3,桃桃,兔女郎穿搭杀疯了！甜辣御姐感直接拉满✨,43,14,1,https://sns-webpic-qc.xhscdn.com/202604052113/fc6a1b86941ce10e495e90e1c5ef8907/spectrum/1040g34o31udnq1dt1u205oo08e2jovrnudsv500!nd_dft_wlteh_webp_3,https://www.xiaohongshu.com/explore/69ccd9cc000000001a021c9b,谁懂啊！这套兔女郎风穿搭真的把「甜辣双修」焊在身上了！ 丝绒挂脖连体衣也太绝了！满钻 blingbling 的设计，在光下直接闪到发光，深 V + 挂脖设计，把直角肩、天鹅颈狠狠拿捏，性感度拉满但完全不低俗！ 黑白撞色的领结 + 袖口设计，复古又俏皮，兔女郎那味儿直接拉满，腰侧的白色花饰更是点睛之笔，瞬间拉高精致感！ 高腰黑短裤 + 黑丝 + 红底高跟鞋是永恒的神！ 高腰短裤优化身材比例，秒变三七分大长腿，黑丝修饰腿型，把腿线拉得笔直纤细，红底鞋的一抹红瞬间点睛，贵气感直接拉满！ 搭配一头慵懒的棕红色大波浪，甜妹脸 + 御姐身材，又纯又欲谁顶得住！ 这套真的太适合约会、聚会、拍照了！ 不管是站着凹造型，还是坐着慵懒感，都巨出片，回头率百分百！ 甜辣风穿搭永远不会出错，性感、可爱、高级感全占了，谁穿谁是人间尤物！ #兔女郎穿搭 #甜辣风穿搭 #御姐穿搭 #黑丝穿搭 #约会穿搭 #OOTD #今天穿什么 #辣妹穿搭 #氛围感穿搭 #丝绒穿搭,,成功
4,大玉小星球,,20,6,6,https://sns-webpic-qc.xhscdn.com/202604052113/f33b1c5057ec5d492875ab28070c2e68/note_pre_post_uhdr/1040g3r831ugk5mfrig605p1l6q43b564qr30mco!nd_dft_wlteh_webp_3,https://www.xiaohongshu.com/explore/69cfcf8d000000001f00390c,今天睡衣黑丝商务风#高跟鞋穿搭 #黑色高跟鞋 #正常穿搭无不良影响暗示 #御姐,,成功
5,是你姨吖🍡,,126,40,4,,https://www.xiaohongshu.com/explore/69cbb049000000001a036ef0,#黑丝,,成功
6,Umimm,迪丽热巴黑丝杀疯了！171大长腿直接封神,19,1,0,https://sns-webpic-qc.xhscdn.com/202604052114/9540aad68395d58e5c1992d72707567b/notes_pre_post/1040g3k831ugij3boia8g5ohvpplk1hilmblb0i8!nd_dft_wlteh_webp_3,https://www.xiaohongshu.com/explore/69cfc21d00000000210103c8,谁懂啊家人们！迪丽热巴这组黑丝路透真的鲨疯了！全黑穿搭+黑丝+厚底鞋，又酷又辣，171的优越比例直接把氛围感拉满，下车那一下直接美到失语😭 黑丝真的是迪丽热巴的本命单品吧！把腿型修饰得又直又长，搭配简约的黑色外套，又A又欲，甜酷感直接拉满，不管是日常出街还是通勤都超有范儿，完全不挑风格，谁穿谁是氛围感美女！ 同款黑丝我已经挖到啦！质感超绝，不勾丝、不滑落，上腿自然通透，完美修饰腿型，黄皮姐妹也能轻松驾驭，日常搭裙子、短裤都超好看，轻松get热巴同款大长腿，辣妹们直接冲就完事了！ #迪丽热巴 #迪丽热巴黑丝 #黑丝穿搭 #大长腿 #辣妹穿搭 #明星同款 #黑丝yyds #显瘦穿搭 #通勤穿搭 #氛围感穿搭,,成功
7,我能不能不说,🖤ྀིྀི,69,4,7,https://sns-webpic-qc.xhscdn.com/202604052114/ec55df4cfb74a4453d11e68640e69eeb/notes_pre_post/1040g3k031ugn597fia2g4a4vkjjr9ftkk0elo28!nd_dft_wlteh_webp_3,https://www.xiaohongshu.com/explore/69cfe74e0000000022026379,#黑丝 #御姐 #感觉至上𖦹ࡇ𖦹 #对对对就是这种感觉,,成功
8,江堰,,1,0,2,https://sns-webpic-qc.xhscdn.com/202604052114/29b295eed2a236dce4f8809fd9a762f9/1040g2sg31uig04s4ioeg5nqat2609aop056ieqo!nd_dft_wlteh_webp_3,https://www.xiaohongshu.com/explore/69d1ee440000000023017d25,为什么一刷都是女孩穿黑丝在酒吧ktv，没有男生穿黑丝在酒吧ktv的我感受到了不平等#生活美学 #当代年轻人恋爱观 #当代年轻人恋爱观 #夜场 #年轻人喝酒 #年轻人喝酒 #夜生活必备 #男生的兴趣爱好 #年轻人娱乐 #男性的快乐,,成功
9,月见学姐,氛围感拉满,552,471,2,,https://www.xiaohongshu.com/explore/69cfdb9b000000001f006ebd,#氛围感拉满 #纯欲风 #黑丝 #日常 #颜值,,成功
10,爱慕,今天是御姐风～,1215,316,10,https://sns-webpic-qc.xhscdn.com/202604052115/4edb6a5eba449eafb69bdd31c9717cf4/1040g2sg31uglggamigf05o9sgd60k4aobhg530o!nd_dft_wlteh_webp_3,https://www.xiaohongshu.com/explore/69cfd96f000000002003a92e,#大波浪 #黑丝,,成功
11,曌,宅家的快乐：黑丝+猫咪，双倍满足✨,104,20,14,https://sns-webpic-qc.xhscdn.com/202604052115/deac844aa776d1dc064c84c4dafc12ff/notes_pre_post/1040g3k031ufdcbcf2a004a7c920bv3f1mkdrqso!nd_dft_wlteh_webp_3,https://www.xiaohongshu.com/explore/69ce90890000000022001cfa,简单的吊带黑丝 不用刻意打扮 就能穿出松弛的性感 两只小猫咪在身边晃来晃去 连拍照都变得软乎乎的 原来最好的氛围感 就是身边有猫 眼里有光呀#和猫咪宅家的日子 #和猫咪拍照 #没有人可以拒绝小猫咪 #居家ootd #黑丝穿搭 #氛围感穿搭,,成功
12,吃不胖的tt,春夏丝袜穿搭灵感Look*3,662,298,13,,https://www.xiaohongshu.com/explore/69cc94ae000000002302123b,丝袜搭配好真的优雅又时髦#丝袜穿搭 #丝袜测评 #丝袜推荐 #穿搭bot,,成功
13,泪泪的雨,,478,71,48,https://sns-webpic-qc.xhscdn.com/202604052116/54fc57dfb2f475d294981f5a1c6c91ee/notes_pre_post/1040g3k031uar2la41u0g5nmqj75gbjt0rgpmi30!nd_dft_wlteh_webp_3,https://www.xiaohongshu.com/explore/69c9e3650000000023024e2a,黑丝还是过膝？,,成功
14,软糖,,621,249,15,https://sns-webpic-qc.xhscdn.com/202604052116/4338e8ba592ca11861be7623f0497bb2/notes_pre_post/1040g3k831udbj4lqj6005qan9ahckurharbf1ng!nd_dft_wlteh_webp_3,https://www.xiaohongshu.com/explore/69cc75e30000000023022b88,我要验牌～#包臀裙 #黑丝 #可甜可辣可温柔 #每天都有值得记录的瞬间 #正常穿搭可出门 #把春天装进后备箱,,成功
15,语堂天天啃土,男人穿黑丝简直...【不死途】,17000,2229,185,,https://www.xiaohongshu.com/explore/69d17fdd0000000023005a28,语堂语堂，我们这样拍照对吗？ 对的......对的！！！ #红薯游戏美学家 #RED新生代创作大赛 #不被定义单元 @视频薯 #崩坏星穹铁道 #星穹铁道不死途 #崩铁摄影 #星穹铁道二创 #崩坏星穹铁道创作者激励计划,,成功
16,Girlsday,还真是什么姿势都会👉🏻,448,160,31,https://sns-webpic-qc.xhscdn.com/202604052117/97cbbf879d93bbc221d52c824e060358/c/note_pre_post_uhdr/1040g3r831ugmdjm4ig805oujcflptb0bjl6t95o!nd_dft_wlteh_webp_3,https://www.xiaohongshu.com/explore/69cfe101000000002301e8a7,怎么老穿这条破了的#黑丝 累了就上车放松一下 天知道我有多喜欢这个云朵按摩座椅🥹 #御姐拍照姿势 #美丽坏女人 #广州互勉约拍 #丝袜长腿 #小鹏汽车#小鹏mona03 #2026款小鹏MONA大大大升级#微胖 #大长腿,,成功
17,波力海苔,,809,198,13,https://sns-webpic-qc.xhscdn.com/202604052117/2b3f3c59fd2e8afd426c47c32758f568/1040g2sg31udi42952qe05p5spdvl6uugra40gdg!nd_dft_wlteh_webp_3,https://www.xiaohongshu.com/explore/69ccab48000000001a026603,下课一起走好嘛#jk #黑丝,,成功
18,别碰我的小蛋糕,又是一年樱花季🌸,669,140,22,https://sns-webpic-qc.xhscdn.com/202604052117/aac27122740d8b261b49e7b4052bfd09/notes_pre_post/1040g3k831uclbidn1u0g5n6g9mo5ibktl2olsl0!nd_dft_wlteh_webp_3,https://www.xiaohongshu.com/explore/69cbbfd6000000001b0031a4,#夜樱 #樱花季 #武汉樱花 #jk #水手服 #黑丝 #拍出氛圉感,,成功
19,霸王上硬菜,匡威和咖啡小屋,358,119,5,https://sns-webpic-qc.xhscdn.com/202604052117/1b768c38f7087c9d3a47ac1676af7c90/1040g2sg31ug9rb44igf05qcb6lv8cm3tnd4g0co!nd_dft_wlteh_webp_3,https://www.xiaohongshu.com/explore/69cf7a1d000000001a0309d5,#过膝袜 #坐姿拍照 #黑色系 #永远臣服于黑色 #匡威#黑丝穿搭,,成功
20,油慢菜cai,,571,184,7,https://sns-webpic-qc.xhscdn.com/202604052118/0e77b7349863e670681533cdc4c4e50d/notes_pre_post/1040g3k831uemqq61igbg5n1tv8718fj38ks3m1o!nd_dft_wlteh_webp_3,https://www.xiaohongshu.com/explore/69cdd873000000002102fc8c,#御姐#黑丝#fyp #拍照姿势,,成功
21,桐罗烧,黑丝真的显瘦,123,55,2,,https://www.xiaohongshu.com/explore/69ce61ba000000002202823b,#ootd每日穿搭 #甜妹,,成功
22,Fox_,168女大～御姐穿搭🐰🐰🐰,887,206,9,https://sns-webpic-qc.xhscdn.com/202604052118/1ed98af87c7a042674ffe9f08c54e1e0/notes_pre_post/1040g3k031ufctdghiq005n6ccl7kl8bj0ru9r1o!nd_dft_wlteh_webp_3,https://www.xiaohongshu.com/explore/69ce8cf70000000022028e60,#穿搭OOTD #来拍照了 #拍照姿势 #ootd #每日穿搭 #ootd日常穿搭 #丝袜 #黑丝 #正常穿搭没有不良影响 #御姐,,成功
23,梦泽,黑粉极光黑丝 | 这腿谁看了不迷糊,170,49,7,https://sns-webpic-qc.xhscdn.com/202604052118/ffd9cd1ce9f3a93dcf7c682c83ca3ec6/notes_pre_post/1040g3k831ugiaq78iad05njchb5g92c38qfhiu8!nd_dft_wlteh_webp_3,https://www.xiaohongshu.com/explore/69cfbfa9000000001f002277,#黑丝 #黑粉配色 #高跟鞋 #御姐 #包臀裙 #豹纹 #黑丝穿搭 #永远臣服于黑色 #御姐穿搭 #对镜自拍,,成功
24,曹孟（赏花版）,,531,313,2,,https://www.xiaohongshu.com/explore/69cbb8b40000000022026141,#闲置丑衣大改造 #穿搭bot #黑丝穿搭 #双胞胎 #ootd每日穿搭,,成功
25,李易安,谁懂姐感制服拍照的含金量,400,122,4,https://sns-webpic-qc.xhscdn.com/202604052119/a3530d6e509286d0055213c783edac40/notes_pre_post/1040g3k831ubar0mfia9g5nqm7mcg88ptllcp0ho!nd_dft_wlteh_webp_3,https://www.xiaohongshu.com/explore/69ca635c000000001a02ab6e,超级冷白皮东亚美女，美艳动人，黑长直发，身着灰西装、短裙+条纹衬衫+红波点领带，配黑丝+尖头高跟鞋，慵懒坐于木椅，暖调室内光，甜酷随性的感觉，复古性感的混搭质感 对焦模糊，胶片摄影，摇拍，充满性张力的镜头语言，淡彩，低饱和，暗调，氛围低光，动态模糊，个性夸张视角，非对称，慵懒，失控，高颜值，秀发肌理显凌乱美，既视感，现场感，情绪氛围感拉满，强透视，暗朦，高曝，光朦，泛褪色，漏光，粒子高噪点，胶片颗粒质感，层次丰富，写意，强烈视觉冲击力，朦胧美学，光的美学，深色加深，亮色增亮，HDR效果，概念艺术，lomo效果，超现实，高级感，杰作，人物特写镜头。 动作随机，生成10张2:3比例照片 #拍照姿热不重样 #做自己让我更迷人 #大方展示美丽 #她很迷人因为她擅长做自己 #酷飒写真 #拍照风格不重样 #类型不重要感觉才是王道 #别管感觉至上 #日常文案 #生活美学,,成功
26,雯雯77,,259,59,4,,https://www.xiaohongshu.com/explore/69ca449f0000000021013983,#原创素材#黑丝,,成功
27,2002Fashion,虞书欣首个签售会造型，黑丝也被穿出清冷感,425,26,16,https://sns-webpic-qc.xhscdn.com/202604052119/ad4d5b76c5e90679c7598aa0b40af507/notes_pre_post/1040g3k831uhj4s8d2o005n94almk1jn943vfchg!nd_dft_wlteh_webp_3,https://www.xiaohongshu.com/explore/69d0cc9c000000002202a2fe,虞书欣今日签售会造型来袭，把黑丝穿得又清冷又萌的，狠狠期待第二套look。 cr. GJ504B｜虞书欣 #虞书欣 #虞书欣同款,,成功
28,素颜77,0D黑丝｜高透到像第二层皮肤,309,97,8,,https://www.xiaohongshu.com/explore/69c957b6000000001b020caf,腰头设计太懂女生了，完全不勒肚子，穿紧身裙也不会有尴尬痕迹。 上腿是那种雾面高级灰透感，不是死黑，把腿衬得又细又直，连膝盖的骨骼感都若隐若现，氛围感直接拉满。 薄到像没穿一样，夏天配小裙子、西装都绝了，通勤约会都能hold住！ 关键是不容易勾丝，性价比直接拉满，#丝袜推荐 #丝袜 #大长腿 😭 #0D黑丝 #黑丝种草 #显瘦穿搭 #夏日穿搭 #钩子黑丝,,成功
29,李乐甜,黑丝天花板✨穿了4次都没破！！！,714,214,8,https://sns-webpic-qc.xhscdn.com/202604052120/9a82cdedc5c16900acc99e04b3ae9ecd/notes_pre_post/1040g3k831ucffo441s8g5q09l3amp9g2j82jmso!nd_dft_wlteh_webp_3,https://www.xiaohongshu.com/explore/69cb8f9d000000002200f592,谁懂啊，穿一条破一条的我终于遇到了本命丝袜 穿了4次！！穿了4次！！穿了4次了! 只有一点点勾丝，而且全程都没戴过手套 已经狠狠爱了#黑丝推荐 #黑丝不踩雷,,成功
30,悦儿贝,纯欲辣妹｜左划，看姐穿上身🖤,903,281,22,https://sns-webpic-qc.xhscdn.com/202604052120/b731e534e63987ce2b78eb2149403be8/notes_pre_post/1040g3k831uc2f6gq2gd05nt5de0g8alc3e87or0!nd_dft_wlteh_webp_3,https://www.xiaohongshu.com/explore/69cb6aea000000001a02e998,这套半高领包臀裙真的太绝了 修身剪裁+贴身版型 上身就是又纯又欲的氛围感女神 简约不简单，性感直接拉满💥 搭配波点黑丝+水钻单鞋 又甜又撩，走路都带风 谁穿谁是纯欲天花板✨ #甜辣风穿搭 #战袍 #包臀裙 #甜辣风 #生活美学 #黑丝,,成功
